S.No,Date & time,Term,Principal,Payout Date,Payout Amount,status
1,Sat Apr 09 2022 08:47:26 GMT+0530 (India Standard Time),30,MATIC 7.99658618,Tue May 10 2022 08:47:26 GMT+0530 (India Standard Time),MATIC 8.04259394,active
2,Fri Apr 08 2022 20:36:10 GMT+0530 (India Standard Time),30,AXS 0.56284313,Mon May 09 2022 20:36:10 GMT+0530 (India Standard Time),AXS 0.57862741,active
3,Fri Apr 08 2022 19:32:37 GMT+0530 (India Standard Time),30,AAVE 0.16931085,Mon May 09 2022 19:32:37 GMT+0530 (India Standard Time),AAVE 0.16972832,active
4,Fri Apr 08 2022 19:32:17 GMT+0530 (India Standard Time),30,UNI 3.84716514,Mon May 09 2022 19:32:17 GMT+0530 (India Standard Time),UNI 3.85665130,active
5,Fri Apr 08 2022 19:32:03 GMT+0530 (India Standard Time),30,ENJ 23.53674387,Mon May 09 2022 19:32:03 GMT+0530 (India Standard Time),ENJ 23.59477967,active
6,Fri Apr 08 2022 19:31:52 GMT+0530 (India Standard Time),30,MANA 18.38013890,Mon May 09 2022 19:31:52 GMT+0530 (India Standard Time),MANA 18.42545979,active
7,Fri Apr 08 2022 19:31:34 GMT+0530 (India Standard Time),30,ADA 87.715797,Mon May 09 2022 19:31:34 GMT+0530 (India Standard Time),ADA 88.004157,active
8,Fri Apr 08 2022 19:31:17 GMT+0530 (India Standard Time),30,DOT 4.69347746,Mon May 09 2022 19:31:17 GMT+0530 (India Standard Time),DOT 4.73976929,active
9,Thu Apr 07 2022 07:26:59 GMT+0530 (India Standard Time),30,SHIB 5080186.78450242,Sun May 08 2022 07:26:59 GMT+0530 (India Standard Time),SHIB 5084362.28048968,active
10,Thu Apr 07 2022 07:26:59 GMT+0530 (India Standard Time),30,USDT 1284.468871,Sun May 08 2022 07:26:59 GMT+0530 (India Standard Time),USDT 1297.137601,active
11,Fri Apr 01 2022 08:08:27 GMT+0530 (India Standard Time),30,USDT 1274.779100,Mon May 02 2022 08:08:27 GMT+0530 (India Standard Time),USDT 1287.352250,active
12,Wed Mar 16 2022 06:24:35 GMT+0530 (India Standard Time),30,USDT 1128.197463,Sat Apr 16 2022 06:24:35 GMT+0530 (India Standard Time),USDT 1139.324883,active
13,Wed Mar 09 2022 12:24:33 GMT+0530 (India Standard Time),30,MATIC 7.94607960,Sat Apr 09 2022 08:47:26 GMT+0530 (India Standard Time),MATIC 7.99658618,matured
14,Wed Mar 09 2022 12:24:03 GMT+0530 (India Standard Time),30,AXS 0.54948746,Fri Apr 08 2022 20:35:38 GMT+0530 (India Standard Time),AXS 0.56025771,inactive
15,Mon Mar 07 2022 06:28:57 GMT+0530 (India Standard Time),30,SHIB 5076014.71761123,Thu Apr 07 2022 07:26:59 GMT+0530 (India Standard Time),SHIB 5080186.78450241,matured
16,Mon Mar 07 2022 06:28:57 GMT+0530 (India Standard Time),30,USDT 1271.923891,Thu Apr 07 2022 07:26:59 GMT+0530 (India Standard Time),USDT 1284.468870,matured
17,Thu Mar 03 2022 05:29:06 GMT+0530 (India Standard Time),30,USDT 1262.328740,Fri Apr 01 2022 08:08:27 GMT+0530 (India Standard Time),USDT 1274.779100,matured
18,Tue Feb 15 2022 04:42:08 GMT+0530 (India Standard Time),30,USDT 1117.178733,Wed Mar 16 2022 06:24:35 GMT+0530 (India Standard Time),USDT 1128.197463,matured
19,Sat Feb 05 2022 08:37:04 GMT+0530 (India Standard Time),30,SHIB 5071846.07700000,Mon Mar 07 2022 06:28:57 GMT+0530 (India Standard Time),SHIB 5076014.71761123,matured
20,Sat Feb 05 2022 08:36:25 GMT+0530 (India Standard Time),30,USDT 1259.501431,Mon Mar 07 2022 06:28:57 GMT+0530 (India Standard Time),USDT 1271.923891,matured
21,Mon Jan 31 2022 23:07:17 GMT+0530 (India Standard Time),30,USDT 1250.000000,Thu Mar 03 2022 05:29:06 GMT+0530 (India Standard Time),USDT 1262.328740,matured
22,Sat Jan 15 2022 08:21:38 GMT+0530 (India Standard Time),30,USDT 1106.267613,Tue Feb 15 2022 04:42:08 GMT+0530 (India Standard Time),USDT 1117.178733,matured
23,Sat Dec 04 2021 04:52:47 GMT+0530 (India Standard Time),30,USDT 504.931490,Mon Jan 03 2022 05:05:46 GMT+0530 (India Standard Time),USDT 509.911610,matured
24,Sat Dec 04 2021 04:52:46 GMT+0530 (India Standard Time),30,USDT 252.465730,Mon Jan 03 2022 05:05:45 GMT+0530 (India Standard Time),USDT 254.955790,matured
25,Thu Dec 02 2021 04:53:04 GMT+0530 (India Standard Time),30,USDT 282.644697,Sat Jan 01 2022 05:00:57 GMT+0530 (India Standard Time),USDT 285.432417,matured
26,Fri Nov 12 2021 06:32:48 GMT+0530 (India Standard Time),30,USDT 150.000000,Tue Nov 16 2021 10:23:31 GMT+0530 (India Standard Time),USDT 150.147944,inactive
27,Wed Nov 03 2021 21:55:10 GMT+0530 (India Standard Time),30,USDT 250.000000,Thu Nov 04 2021 06:22:10 GMT+0530 (India Standard Time),USDT 250.061643,inactive
28,Wed Nov 03 2021 21:54:57 GMT+0530 (India Standard Time),30,USDT 250.000000,Sat Dec 04 2021 04:52:46 GMT+0530 (India Standard Time),USDT 252.465730,matured
29,Wed Nov 03 2021 21:54:40 GMT+0530 (India Standard Time),30,USDT 500.000000,Sat Dec 04 2021 04:52:47 GMT+0530 (India Standard Time),USDT 504.931490,matured
30,Mon Nov 01 2021 11:46:34 GMT+0530 (India Standard Time),30,USDT 279.884217,Thu Dec 02 2021 04:53:04 GMT+0530 (India Standard Time),USDT 282.644696,matured
